source_file,subject,scenario,bpm,total_rows,valid_rows,valid_ratio,windows_produced,signal_std_mean,signal_rms_mean,signal_ptp_mean,zero_crossing_rate_mean,dominant_bpm_fft_mean
AN1_Apnea_Take01_BPM06_20260418_083015.csv,AN1,Apnea,6.0,620,619,0.9984,32,1.0,1.0,5.200646,0.05717,15.25
AN1_Apnea_Take02_BPM06_20260418_083621.csv,AN1,Apnea,6.0,628,627,0.9984,33,1.0,1.0,5.026097,0.052093,15.454545
AN1_Apnea_Take03_BPM06_20260418_084613.csv,AN1,Apnea,6.0,620,619,0.9984,32,1.0,1.0,4.568317,0.063859,18.25
AN1_Apnea_Take04_BPM06_20260418_085104.csv,AN1,Apnea,6.0,622,621,0.9984,33,1.0,1.0,5.228679,0.066991,20.181818
AN1_Apnea_Take05_BPM06_20260418_090042.csv,AN1,Apnea,6.0,719,718,0.9986,40,1.0,1.0,4.709258,0.053428,13.2
AN1_Fast_Take01_BPM26_20260418_111055.csv,AN1,Fast,26.0,689,688,0.9985,39,1.0,1.0,5.049846,0.054541,17.897436
AN1_Fast_Take02_BPM26_20260418_111625.csv,AN1,Fast,26.0,702,701,0.9986,40,1.0,1.0,5.056757,0.060452,17.0
AN1_Fast_Take03_BPM26_20260418_112143.csv,AN1,Fast,26.0,587,586,0.9983,29,1.0,1.0,4.651069,0.061815,20.0
AN1_Fast_Take04_BPM26_20260418_112724.csv,AN1,Fast,26.0,668,667,0.9985,37,1.0,1.0,5.089654,0.053783,13.837838
AN1_Fast_Take05_BPM26_20260418_113619.csv,AN1,Fast,26.0,641,640,0.9984,35,1.0,1.0,4.949682,0.054754,16.0
AN1_Noise_Take01_BPM17_20260418_103259.csv,AN1,Noise,17.0,634,633,0.9984,34,1.0,1.0,5.188681,0.058135,16.176471
AN1_Noise_Take02_BPM17_20260418_103944.csv,AN1,Noise,17.0,652,651,0.9985,36,1.0,1.0,4.91741,0.054627,10.277778
AN1_Noise_Take03_BPM17_20260418_104655.csv,AN1,Noise,17.0,583,582,0.9983,29,1.0,1.0,5.561491,0.057779,12.62069
AN1_Noise_Take04_BPM17_20260418_105421.csv,AN1,Noise,17.0,587,586,0.9983,29,1.0,1.0,6.139903,0.064237,12.965517
AN1_Noise_Take05_BPM17_20260418_105951.csv,AN1,Noise,17.0,590,589,0.9983,29,1.0,1.0,4.029593,0.047284,13.724138
AN1_Normal_Take01_BPM17_20260418_095253.csv,AN1,Normal,17.0,712,711,0.9986,40,1.0,1.0,5.063638,0.058779,13.75
AN1_Normal_Take02_BPM17_20260418_100145.csv,AN1,Normal,17.0,647,646,0.9985,35,1.0,1.0,5.192777,0.059627,11.942857
AN1_Normal_Take03_BPM17_20260418_100929.csv,AN1,Normal,17.0,662,661,0.9985,37,1.0,1.0,4.884336,0.053421,13.837838
AN1_Normal_Take04_BPM17_20260418_101721.csv,AN1,Normal,17.0,621,620,0.9984,33,1.0,1.0,5.380848,0.04966,18.242424
AN1_Normal_Take05_BPM17_20260418_102525.csv,AN1,Normal,17.0,616,615,0.9984,32,1.0,1.0,4.985102,0.056647,15.4375
AN1_Slow_Take01_BPM12_20260418_091212.csv,AN1,Slow,12.0,615,614,0.9984,32,1.0,1.0,4.840958,0.060828,16.4375
AN1_Slow_Take02_BPM12_20260418_091933.csv,AN1,Slow,12.0,623,622,0.9984,33,1.0,1.0,4.74944,0.062025,20.727273
AN1_Slow_Take03_BPM12_20260418_092747.csv,AN1,Slow,12.0,693,692,0.9986,40,1.0,1.0,4.89623,0.063545,16.2
AN1_Slow_Take04_BPM12_20260418_093610.csv,AN1,Slow,12.0,650,649,0.9985,35,1.0,1.0,5.445656,0.046727,14.342857
AN1_Slow_Take05_BPM12_20260418_094137.csv,AN1,Slow,12.0,599,598,0.9983,30,1.0,1.0,5.657405,0.056187,16.333333
AN2_Apnea_Take01_BPM06_20260418_123228.csv,AN2,Apnea,6.0,573,572,0.9983,28,1.0,1.0,5.299313,0.068323,14.571429
AN2_Apnea_Take02_BPM06_20260418_123752.csv,AN2,Apnea,6.0,699,698,0.9986,40,1.0,1.0,4.746711,0.052592,14.1
AN2_Apnea_Take03_BPM06_20260418_124454.csv,AN2,Apnea,6.0,645,644,0.9984,35,1.0,1.0,4.801936,0.059245,17.142857
AN2_Apnea_Take04_BPM06_20260418_125533.csv,AN2,Apnea,6.0,614,613,0.9984,32,1.0,1.0,5.023003,0.06365,19.875
AN2_Apnea_Take05_BPM06_20260418_130104.csv,AN2,Apnea,6.0,639,638,0.9984,34,1.0,1.0,4.789973,0.061873,18.647059
AN2_Fast_Take01_BPM26_20260418_151216.csv,AN2,Fast,26.0,719,718,0.9986,40,1.0,1.0,4.991977,0.05786,16.35
AN2_Fast_Take02_BPM26_20260418_152058.csv,AN2,Fast,26.0,596,595,0.9983,30,1.0,1.0,4.844013,0.074582,19.733333
AN2_Fast_Take03_BPM26_20260418_152723.csv,AN2,Fast,26.0,617,616,0.9984,32,1.0,1.0,4.445377,0.048913,14.875
AN2_Fast_Take04_BPM26_20260418_153541.csv,AN2,Fast,26.0,580,579,0.9983,28,1.0,1.0,5.589082,0.069876,21.785714
AN2_Fast_Take05_BPM26_20260418_154118.csv,AN2,Fast,26.0,613,612,0.9984,32,1.0,1.0,4.918673,0.062396,19.0
AN2_Noise_Take01_BPM17_20260418_143204.csv,AN2,Noise,17.0,661,660,0.9985,37,1.0,1.0,5.094407,0.049535,9.945946
AN2_Noise_Take02_BPM17_20260418_143836.csv,AN2,Noise,17.0,716,715,0.9986,40,1.0,1.0,5.40494,0.046823,10.1
AN2_Noise_Take03_BPM17_20260418_144646.csv,AN2,Noise,17.0,675,674,0.9985,38,1.0,1.0,4.771722,0.058352,11.631579
AN2_Noise_Take04_BPM17_20260418_145237.csv,AN2,Noise,17.0,635,634,0.9984,34,1.0,1.0,5.135659,0.062168,19.235294
AN2_Noise_Take05_BPM17_20260418_145904.csv,AN2,Noise,17.0,584,583,0.9983,29,1.0,1.0,4.719352,0.059047,13.103448
AN2_Normal_Take01_BPM17_20260418_135252.csv,AN2,Normal,17.0,620,619,0.9984,32,1.0,1.0,5.054914,0.062291,17.3125
AN2_Normal_Take02_BPM17_20260418_135925.csv,AN2,Normal,17.0,706,705,0.9986,40,1.0,1.0,4.988081,0.055853,14.9
AN2_Normal_Take03_BPM17_20260418_140640.csv,AN2,Normal,17.0,710,709,0.9986,40,1.0,1.0,4.952698,0.05485,14.85
AN2_Normal_Take04_BPM17_20260418_141343.csv,AN2,Normal,17.0,602,601,0.9983,31,1.0,1.0,4.740734,0.052217,12.903226
AN2_Normal_Take05_BPM17_20260418_142317.csv,AN2,Normal,17.0,586,585,0.9983,29,1.0,1.0,5.159537,0.065044,20.62069
AN2_Slow_Take01_BPM12_20260418_131025.csv,AN2,Slow,12.0,654,653,0.9985,36,1.0,1.0,4.658907,0.060201,16.833333
AN2_Slow_Take02_BPM12_20260418_132001.csv,AN2,Slow,12.0,636,635,0.9984,34,1.0,1.0,4.932619,0.067283,22.176471
AN2_Slow_Take03_BPM12_20260418_132731.csv,AN2,Slow,12.0,680,679,0.9985,38,1.0,1.0,5.074071,0.052192,12.473684
AN2_Slow_Take04_BPM12_20260418_133553.csv,AN2,Slow,12.0,682,681,0.9985,39,1.0,1.0,5.094292,0.057371,18.461538
AN2_Slow_Take05_BPM12_20260418_134322.csv,AN2,Slow,12.0,696,695,0.9986,40,1.0,1.0,5.120838,0.058696,16.4
HAU1_Apnea_Take01_BPM06_20260418_163058.csv,HAU1,Apnea,6.0,638,637,0.9984,34,1.0,1.0,4.74338,0.054692,14.117647
HAU1_Apnea_Take02_BPM06_20260418_163705.csv,HAU1,Apnea,6.0,638,637,0.9984,34,1.0,1.0,5.061539,0.061578,17.705882
HAU1_Apnea_Take03_BPM06_20260418_164325.csv,HAU1,Apnea,6.0,656,655,0.9985,36,1.0,1.0,4.755872,0.061037,20.888889
HAU1_Apnea_Take04_BPM06_20260418_165247.csv,HAU1,Apnea,6.0,608,607,0.9984,31,1.0,1.0,5.028231,0.054698,11.677419
HAU1_Apnea_Take05_BPM06_20260418_165937.csv,HAU1,Apnea,6.0,647,646,0.9985,35,1.0,1.0,4.746219,0.05657,18.742857
HAU1_Fast_Take01_BPM26_20260418_191229.csv,HAU1,Fast,26.0,655,654,0.9985,36,1.0,1.0,5.476467,0.057692,15.611111
HAU1_Fast_Take02_BPM26_20260418_192045.csv,HAU1,Fast,26.0,712,711,0.9986,40,1.0,1.0,4.884982,0.05602,16.7
HAU1_Fast_Take03_BPM26_20260418_192904.csv,HAU1,Fast,26.0,588,587,0.9983,29,1.0,1.0,5.284051,0.060201,14.965517
HAU1_Fast_Take04_BPM26_20260418_193846.csv,HAU1,Fast,26.0,625,624,0.9984,33,1.0,1.0,5.088249,0.064964,18.606061
HAU1_Fast_Take05_BPM26_20260418_194704.csv,HAU1,Fast,26.0,720,719,0.9986,40,1.0,1.0,4.97109,0.054515,12.25
HAU1_Noise_Take01_BPM17_20260418_183205.csv,HAU1,Noise,17.0,643,642,0.9984,35,1.0,1.0,5.197875,0.062494,16.057143
HAU1_Noise_Take02_BPM17_20260418_184102.csv,HAU1,Noise,17.0,651,650,0.9985,36,1.0,1.0,5.327732,0.05379,11.944444
HAU1_Noise_Take03_BPM17_20260418_184950.csv,HAU1,Noise,17.0,681,680,0.9985,39,1.0,1.0,5.124295,0.054112,13.076923
HAU1_Noise_Take04_BPM17_20260418_185726.csv,HAU1,Noise,17.0,706,705,0.9986,40,1.0,1.0,4.989357,0.06087,15.0
HAU1_Noise_Take05_BPM17_20260418_190344.csv,HAU1,Noise,17.0,653,652,0.9985,36,1.0,1.0,4.75765,0.048588,10.888889
HAU1_Normal_Take01_BPM17_20260418_175100.csv,HAU1,Normal,17.0,685,684,0.9985,39,1.0,1.0,4.835954,0.041592,9.487179
HAU1_Normal_Take02_BPM17_20260418_175914.csv,HAU1,Normal,17.0,631,630,0.9984,34,1.0,1.0,5.217885,0.063349,15.705882
HAU1_Normal_Take03_BPM17_20260418_180753.csv,HAU1,Normal,17.0,613,612,0.9984,32,1.0,1.0,4.725924,0.065531,20.625
HAU1_Normal_Take04_BPM17_20260418_181427.csv,HAU1,Normal,17.0,642,641,0.9984,35,1.0,1.0,5.195579,0.056665,12.742857
HAU1_Normal_Take05_BPM17_20260418_182131.csv,HAU1,Normal,17.0,654,653,0.9985,36,1.0,1.0,4.922697,0.06531,18.222222
HAU1_Slow_Take01_BPM12_20260418_171107.csv,HAU1,Slow,12.0,605,604,0.9983,31,1.0,1.0,4.71547,0.051678,10.903226
HAU1_Slow_Take02_BPM12_20260418_171855.csv,HAU1,Slow,12.0,601,600,0.9983,31,1.0,1.0,4.692498,0.05869,13.096774
HAU1_Slow_Take03_BPM12_20260418_172612.csv,HAU1,Slow,12.0,614,613,0.9984,32,1.0,1.0,4.756673,0.058529,18.0
HAU1_Slow_Take04_BPM12_20260418_173436.csv,HAU1,Slow,12.0,625,624,0.9984,33,1.0,1.0,4.716324,0.043681,10.242424
HAU1_Slow_Take05_BPM12_20260418_174448.csv,HAU1,Slow,12.0,610,609,0.9984,31,1.0,1.0,5.004525,0.059661,10.645161
